country,penetration,year
PAK,30.330000000000002,2010
PAK,31.869999999999997,2011
PAK,33.33,2012
PAK,34.0,2013
PAK,35.03,2014
PAK,36.2,2015
PAK,37.24,2016
PAK,38.42,2017
PAK,39.68,2018
PAK,40.910000000000004,2019
PAK,42.21,2020
PAK,43.27,2021
PAK,44.35,2022
PAK,45.46,2023
PAK,46.59,2024
PAK,47.76,2025
PAK,48.95,2026
PAK,50.17,2027
PAK,51.43,2028
PAK,52.71,2029
PAK,54.03,2030
