country,penetration,year
MWI,16.33,2010
MWI,18.67,2011
MWI,20.39,2012
MWI,21.560000000000002,2013
MWI,23.189999999999998,2014
MWI,25.180000000000003,2015
MWI,27.339999999999996,2016
MWI,29.75,2017
MWI,31.569999999999997,2018
MWI,32.89,2019
MWI,34.11,2020
MWI,34.62,2021
MWI,35.14,2022
MWI,35.67,2023
MWI,36.2,2024
MWI,36.75,2025
MWI,37.3,2026
MWI,37.86,2027
MWI,38.42,2028
MWI,39.0,2029
MWI,39.59,2030
